{
  "accuracy": 0.25421686746987954,
  "macro_f1": 0.18141544573659257,
  "micro_f1": 0.25421686746987954,
  "weighted_f1": 0.23013705848413793,
  "preference_bias": 0.8451593433339081,
  "confusion_matrix": [
    [
      0,
      0,
      23,
      49,
      30,
      12,
      3,
      15
    ],
    [
      0,
      0,
      13,
      71,
      28,
      6,
      5,
      19
    ],
    [
      3,
      0,
      61,
      96,
      58,
      56,
      5,
      25
    ],
    [
      1,
      1,
      31,
      91,
      69,
      20,
      6,
      28
    ],
    [
      0,
      0,
      11,
      109,
      118,
      6,
      9,
      62
    ],
    [
      0,
      0,
      22,
      38,
      12,
      21,
      0,
      6
    ],
    [
      0,
      2,
      11,
      39,
      29,
      4,
      5,
      32
    ],
    [
      1,
      0,
      14,
      78,
      63,
      10,
      7,
      126
    ]
  ],
  "Reflection of feelings": 0.0,
  "Self-disclosure": 0.0,
  "Question": 0.24897959183673468,
  "Affirmation and Reassurance": 0.22249388753056235,
  "Providing Suggestions": 0.3268698060941828,
  "Restatement or Paraphrasing": 0.1794871794871795,
  "Information": 0.06172839506172839,
  "Others": 0.4117647058823529
}